Pulse Counts,p_i,q_i,k_i,a_i,w_i,p_f,q_f,k_f,a_f,w_f,z_mid,z_width
0,89.06905346856337,5.1345867351056,586.4890669953265,0.9233096692987168,0.4673561073426704,1.000088195376604,1.000029529002855,6.0518945178581925e-05,0.0039291570289143,0.1933805422287607,5.253864490741668e-09,0.1958157637976602
100,81.22938600753247,4.712053780988334,586.328532710178,0.9340939526474621,0.46762945710450354,1.0113662269159867,0.9999974440240095,5.188744212064956e-05,0.08848155028714126,0.17711564603695096,5.552524588241203e-05,0.42336149521568656
200,73.79856254916315,4.331737090472618,585.8290413581791,0.943800752822012,0.46787549584718774,1.021517443735395,0.9998894920971102,4.411833288270343e-05,0.1694088915768273,0.16173491593257017,0.00023078084258545855,0.6281725961502294
300,66.77584673158375,3.9914147549478445,584.9637601944994,0.9524867794631137,0.46809566099278355,1.0306011518727245,0.9996881277366134,3.7166228316323194e-05,0.24668331986562286,0.14723293781665506,0.0005388154749475544,0.8114456261004188
400,60.16050219292246,3.6888648658034042,583.7058564743087,0.9602087422115141,0.4682913899633512,1.0386766573658668,0.999375805456975,3.0985739273088535e-05,0.32027697412117845,0.13360429759024223,0.0009926725739426235,0.974377144565386
500,53.951792571307564,3.42186551442869,582.0284974527766,0.9670233507079604,0.46846412018095124,1.0458032662527152,0.9989349797726512,2.5531476604579126e-05,0.39016199331114465,0.12084358115436833,0.00160539557054459,1.1181637110442617
600,48.14898150486732,3.188194792213094,579.9048503850729,0.9729873145932001,0.4686152890676442,1.0520402845711645,0.9983481051980981,2.075805116237464e-05,0.4563105164031719,0.10894537441007007,0.002390027895727378,1.2440018850361763
700,42.75133263172999,2.985630790546008,577.3080825263673,0.9781573435079798,0.46874633404549065,1.0574470183591067,0.9975976362477715,1.6620073798054734e-05,0.5186946823649106,0.0979042632583841,0.0033596129804649108,1.3530882260402608
800,37.758109590023835,2.8119516008168253,574.2113611318294,0.9825901470930468,0.468858692536551,1.0620827736544356,0.9966660274361276,1.3072155363199107e-05,0.5772866301640112,0.08771483360034706,0.004527194255731113,1.446619293555646
900,33.1685760178771,2.6649353144149375,570.5878534566292,0.9863424349891484,0.4689538019628855,1.0660068564950445,0.9955357332776226,1.0068906709387409e-05,0.6320584987681244,0.07837167133699564,0.00590581515249991,1.5257916470814625
1000,28.981995553418066,2.5423600227297363,566.4107267559361,0.9894709168370316,0.46903309974655494,1.069278572918827,0.9941892082867124,7.564938688199314e-06,0.6829824271449007,0.0698693623693665,0.007508519101745223,1.5918018461168408
1100,25.19763183477497,2.4420038171506127,561.65314828492,0.9920323022774434,0.4690980233096196,1.0719572289636756,0.9926089069778532,5.514862151214503e-06,0.7300305542619903,0.062202492598496285,0.009348349534440978,1.6458464501609118
1200,21.81474850007609,2.3616447890669607,556.2882852987506,0.9940833009511312,0.46915001007414,1.0741021306674847,0.9907772838655008,3.8732879500126415e-06,0.7731750190870439,0.05536564792542163,0.011438349881561099,1.6891220187128066
1300,18.832609187449677,2.299061029868172,550.2893050525975,0.9956806224988421,0.46919049746217667,1.075772584068147,0.9886767934641116,2.5948269361734092e-06,0.8123879605877119,0.049353414251179284,0.01379156357407951,1.7228251112716553
1400,16.250477535023983,2.252030630943638,543.6293748016304,0.9968809765613229,0.46922092289579,1.077027895203556,0.9862898902881415,1.6340899612764568e-06,0.8476415177316448,0.04416037747680584,0.016421034042970132,1.748152287336589
1500,14.067617180927277,2.2183316836827522,536.2816618010191,0.997741072779321,0.46924272379704046,1.0779273701116048,0.9835990288520465,9.456878769014986e-07,0.8789078294864928,0.039781123503337956,0.019339804719206894,1.7663001064067378
1600,12.28329176328782,2.195742279474905,528.2193333059334,0.9983176207935834,0.4692573375879886,1.0785303148301868,0.9805866636702829,4.842315346281713e-07,0.9061590348199071,0.03621023823181235,0.022560919033763716,1.7784651279812334
1700,10.89676492023386,2.1820405097094895,519.4155565715429,0.9986673302448573,0.46926620169069483,1.078896035397196,0.9772352492573064,2.0433178603615878e-07,0.9293672726995377,0.03344230756326564,0.026097420417614526,1.785843911559207
1800,9.907300289893659,2.175004465775898,509.84349885301737,0.9988469107738899,0.4692707535272197,1.0790838378505248,0.9735272401275734,6.059948270510445e-08,0.9485046820930352,0.03147191739873454,0.02996235230173324,1.7896330166397874
1900,9.314161510395499,2.172412239063523,499.4763274055263,0.9989130720214281,0.4692724305196236,1.0791530282280668,0.9694450907955399,7.645476214729568e-09,0.96354340196805,0.030293653639255624,0.03416875811709379,1.791029002722106
2000,9.116612219867593,2.172041920961755,488.2872094842397,0.9989225236282194,0.469272670089967,1.0791629125677158,0.9649712557756618,8.061814465685243e-11,0.9744555712922326,0.0299021021858656,0.0387296812946701,1.7912284293052951
2100,9.604950530270312,2.4548304945461172,448.6429447573018,0.9025287247113839,0.4447596083602499,1.047441864254259,0.751226870267346,0.38123529111049964,0.9828899736501298,0.030921025504972655,0.057639946865174416,1.6072129058960571
2200,10.359655191801789,2.891867380994677,377.3599657617158,0.7535564900217289,0.4068757856870508,0.9984184259516438,0.4226656597325964,0.9792734400495116,0.9885318332260211,0.032783650795361295,0.0963141561769493,1.3228252788090527
2300,10.40764759396923,2.970761201754744,303.9062510205631,0.7536611023701357,0.40092114410612856,0.9901636929925418,0.3541863102040533,1.1176527996698387,0.9886737766832622,0.0339852328354774,0.1429775911411864,1.2820088801379974
2400,9.741061806096427,2.9347534468118184,218.3356464724525,0.9031805401129963,0.4076576108175808,0.998494063949371,0.34969691706248857,1.136658178421666,0.9833518910113168,0.03493608743071632,0.20816411940523302,1.38363529135223
2500,8.672975920271096,2.865935025658427,141.13094448774396,0.9999284115936706,0.4120165010426381,1.0135990126292205,0.3481763453087413,1.1432252063892516,0.9734731924233572,0.0353650414764912,0.3232769630467014,1.5695405375048592
2600,5.617520667329194,1.9028707722617657,71.29377133806628,0.830250627876687,0.29271277227761483,1.109312552844131,0.3780704834500117,1.0947356823159808,0.8891479274773593,0.029566201389999124,1.2395817984033994,2.8972861949868105
2700,1.8795458575489672,0.48484673112469645,16.83329265618012,0.5680213257686213,0.10833428236803339,1.245239258142485,0.44993110377926515,0.9754360112890064,0.7687722574339004,0.020604357619965912,2.5295583992559063,4.763575060073631
2800,1.6530225248035604,0.33647144706154164,15.893777953327481,0.5680287709538901,0.11715872086388149,1.2781330244067115,0.5658381002495239,0.758945695422919,0.772481929927227,0.020354213729136365,2.5828044124121248,4.866830552549404
2900,4.043187748698326,0.9667323790904736,56.587865175486215,0.8302970171079777,0.3476958121363609,1.2817955681864055,0.7967793187601402,0.2807295778217784,0.9106155955504355,0.028655560563639382,1.5922266167064785,3.571387286819369
3000,5.589765246512585,1.3745482762856651,82.91933337805952,0.9999999999135636,0.4968668711950241,1.287883920400345,0.9527719431371218,8.287096766087563e-11,0.999996202718394,0.0365595230452314,0.951264513602825,2.7331592913469933
3100,4.021547882668726,0.9907055979167029,55.04990161321993,0.7551751547100723,0.40452955928186396,1.4056947157096538,0.9894961138022339,0.0014011488021067743,0.6884222121913426,0.04132229893596517,2.6125727973620414,3.9687756505584284
3200,1.5819505687656417,0.39109451990985655,11.805436824295612,0.37332444153539135,0.24845701168578163,1.5789997968493974,1.0104527697381258,0.003566560459107567,0.20153235979195983,0.044769084675505465,5.279225067494378,5.878364569339737
3300,1.0722854411792258,0.26017889827045265,3.068958040269173,0.29088201278217135,0.18107652328512486,1.607115613086888,1.0106521279047924,0.00357248909563867,0.09390090089445502,0.04185374637778029,6.036208406981993,6.223047880862313
3400,1.038728438717471,0.250323489658789,2.7072269305548557,0.283516986292737,0.14590174884106863,1.582329130342396,0.9966648390582695,0.0014380887681851894,0.0825019804780501,0.023774881213438737,6.176098386450395,6.089498956045656
3500,1.027360688159177,0.2408868583255978,2.585446369909972,0.2810064089444053,0.1317924077909842,1.566290817978313,0.9876142403928724,5.700620336234922e-05,0.078598592998808,0.011957326474325,6.369604358357576,5.897872644878312
3600,1.034874562066584,0.22182573431495847,2.6989737777576885,0.30300683881196344,0.13479912692862167,1.5949356439901876,0.9877169760344491,0.00016756984382438486,0.08435211827668955,0.011779914832007635,7.271316702645458,5.659316468947766
3700,1.0572367868979515,0.20349577572932515,3.0337463179129567,0.3592928587908218,0.14330827334792343,1.6392049205539938,0.987875749298704,0.0004990400808138744,0.10094296179906612,0.011690361726351371,8.406531607834122,5.308145647702716
3800,1.3767148398667262,0.33905752327131544,7.42473005640135,0.4804681822510224,0.18168218674393727,1.6075644586801483,0.9249624207724739,0.11557951363424893,0.2119099919213636,0.014069205837324452,7.892830378552903,4.71839336438619
3900,3.4966048300770853,1.192447866263361,28.826826489462995,0.7893123545047455,0.3314455601855716,1.3977912276993019,0.5955577970548522,0.7158202963239273,0.6829295195336416,0.026571377931792116,4.1133316403721265,3.584945874861953
4000,7.209391200327831,2.2441883472669657,45.26780689618835,0.9747327652560398,0.4419513629534806,1.2620556076528722,0.3817853481064207,1.1062544424751264,0.9827251345167536,0.0346610186988006,1.667773633313978,2.4672604839624594
4100,25.222099998333597,3.5092076516067774,49.63429465466938,0.9732342087472418,0.467656271641509,1.2668087944450166,0.3808553594368755,1.1094360876189737,0.9826162835130442,0.030913765199614994,4.540391532951669,1.4755320321399157
4200,49.43112022991816,4.692210721572962,52.21649044878101,0.9688058862551091,0.48250131920764755,1.2792329078847093,0.38038908342298733,1.1110351332319244,0.9822901037579571,0.02484137345965508,9.201385043376845,0.6818391902562264
4300,48.46397256962274,4.408073550404991,47.46609238993148,0.8971195889612875,0.4513882575223489,1.3091300432815707,0.3860074214453597,1.101565532369827,0.9205762147199054,0.022906402818411706,10.674768299402844,0.8553090991331862
4400,19.784714898209398,1.865108943226395,20.617515534138626,0.5520437591769273,0.27701707767388717,1.3918586164350883,0.415701179721648,1.0509824979520046,0.5922231768338011,0.022247813131945047,11.098100627846092,2.4400363397524485
4500,1.1803877070229705,0.2137359132418974,2.823429920033414,0.3301262273613937,0.1606712719324926,1.4421029242185317,0.4349147880180699,1.0182522992110603,0.3494821417935149,0.0220036080203139,11.41667743000609,3.4888700265525405
4600,1.117341048077825,0.2049625813178352,2.272711887182676,0.3693964948291706,0.15666185305320265,1.4363037831119578,0.42904938209339666,1.0289858690593572,0.3014914871251069,0.022266296115800752,11.697957197014569,3.5144973723514576
4700,1.0846101013621368,0.2005611438690045,1.9770075977024153,0.4300869081884623,0.1543695843899219,1.4273414741290709,0.41836060483996174,1.0496506639415724,0.274274265290351,0.022672268627007712,11.96474451133823,3.5292438472065895
4800,1.0568433469527077,0.2016168691237689,1.651570435759677,0.421236152618046,0.1473951843059169,1.4257469432295593,0.4115576976331549,1.0660219829299051,0.2907756565390355,0.022008690132876204,12.478638733435197,3.6001121506495757
4900,1.0308931967182957,0.2100245459036292,1.29430745019112,0.3142494793519617,0.13077683919145844,1.4266714108890832,0.4062444409758965,1.081837987214562,0.39653516369696834,0.01813169165236597,13.469867249565784,3.825342366470762
5000,1.0193945745917563,0.2154648073494212,1.1252343802283813,0.2450228084150836,0.1210150013890905,1.428453017690352,0.4038573130840435,1.0894341043232625,0.4649677859756307,0.0156230455767417,14.031928126879894,3.963743131201263
5100,1.0395204160490277,0.21240062900715714,1.2590544570263562,0.33298773705836027,0.12660967346267635,1.4545780181077046,0.4115518606905595,1.0737313049247064,0.40382350426053654,0.01669528473332634,13.791729498969577,3.837165418235128
5200,1.0712909835282862,0.20692954902081737,1.465867302986863,0.47857587609715174,0.13640377416481853,1.4984268015473516,0.423457523015744,1.0494633422178465,0.3093277961553911,0.01835238161168442,13.42051343765363,3.6415453163783735
5300,1.0790208063409001,0.2037551555898528,1.5005074363074946,0.5313361872510227,0.14144109529485405,1.5207351704965069,0.4257678036823664,1.0455335914435284,0.29169933371937057,0.018451591002451036,13.378945049275666,3.604193801579089
5400,1.0799172675692037,0.20149053027924593,1.471101843717402,0.548704728429566,0.1443619364806231,1.5320299453714283,0.42578347401114525,1.0492459347154919,0.29398462292840855,0.017206493693012432,13.55771039832586,3.604490161681172
5500,1.0811465300755587,0.200501116727162,1.4372720843850684,0.5663833531208509,0.1463126668737602,1.5440730375429883,0.4258105493089181,1.051648039185586,0.2954633394754332,0.0159828605836102,13.77103172164167,3.604890686994741
5600,1.0869902754772585,0.20125406567873533,1.4112798780821687,0.5974810487883438,0.14774995503778143,1.5624920892357963,0.42819607720842146,1.0486702939640746,0.291355461743277,0.015174317888170826,13.95715315677952,3.60525715792379
5700,1.0943512159530735,0.20241771405843953,1.3842738367424994,0.6296661439621227,0.14872950528104373,1.582936018037241,0.4319061355686914,1.0440683240762842,0.2810351392774796,0.01457072394576573,14.15403098002768,3.605810652938058
5800,1.0954688974406768,0.20236559845489882,1.3468798822381935,0.6445128284195979,0.14879092646724748,1.5990557662181684,0.4327695860029898,1.0439552698551673,0.2629811270040458,0.014600330612341509,14.372564429867984,3.6111739042916726
5900,1.0942308125377334,0.2009293453797507,1.29161622239295,0.6504398177144513,0.1482397147944419,1.6117509872013644,0.4328460034421946,1.0479658792017306,0.22263253016985807,0.015409659270639062,14.631210665274425,3.6349927080044724
6000,1.0934296987770051,0.2000000051546549,1.2621422858898934,0.6599467489528497,0.1474980247556692,1.6254863915999114,0.4329720052359192,1.050560979367154,0.1829794750265283,0.0165501460440393,14.809273225062238,3.650204439314469
6100,1.1028814854181257,0.20000836019680673,1.2870810523393075,0.724717859092282,0.14660231967293427,1.643486610345153,0.43476180675549214,1.047793399256144,0.15017266217283218,0.018561640888082227,14.874071155005122,3.5921048631443773
6200,1.1206589713917647,0.20002255454084286,1.3265256925329543,0.8308949541383029,0.14552040087762794,1.663218732548071,0.4378714116293962,1.0430186002273116,0.12437640575690681,0.020717072928282117,14.92068108859754,3.4819523007425977
6300,1.1326805503078687,0.20002843382041052,1.3365265984009331,0.9058996537332245,0.14441022787544353,1.6807373725224406,0.4398803193228839,1.0408099290464934,0.12145759147969043,0.02104558804456101,14.998801644391959,3.4049679473880903
6400,1.1410639202976287,0.2000303025238061,1.3385073752102807,0.9703050875225627,0.14311567057249008,1.6964029576427186,0.44120937263217086,1.0398303245038314,0.12972024884561253,0.020766353701483466,15.11803676362757,3.3486165412081226
6500,1.1503147508062974,0.2000336835980295,1.339204818293383,0.9999683828104688,0.1424673995294114,1.7126802367893517,0.4426525267643503,1.0387304237498094,0.1423253134723842,0.0205856726559627,15.273018416766924,3.288827908831224
6600,1.1661899762303336,0.20333142523454767,1.3256488332258585,0.9990571010409229,0.14507791745622867,1.7340209977009131,0.445117670261682,1.0363774397621102,0.1716317813857315,0.02610374385164502,15.54319460026036,3.195947431423214
6700,1.1816408681064818,0.20842329643714283,1.2929312297078117,0.9963784861062306,0.14988629822615643,1.754293581386482,0.4475007056057033,1.033958881806491,0.2057056983763615,0.03463167206315407,15.8432605330709,3.108816391243166
6800,1.1791416902466265,0.20842333150256998,1.2377875109426086,0.9637148114246478,0.15284237608902956,1.7623000755655,0.44725492044031673,1.0368566107892547,0.20309901472402372,0.03568402242618075,15.961261037867839,3.161051221676946
6900,1.15212197370244,0.2033324116477784,1.1239492754462062,0.8108538112818678,0.15459239398471505,1.7651672494105517,0.4438224377028247,1.0542308994230916,0.15724728058315504,0.032660696113580585,16.001775613772253,3.5120715754544256
7000,1.1346386277032603,0.2000382870358544,1.0579034696868044,0.7127656920247357,0.1568960880324209,1.7692235606008475,0.4416014194609181,1.0654730861861623,0.1275785114331812,0.030704426146604,16.060539077120076,3.739202392604559
7100,1.1569353242681508,0.2010757068955342,1.1067204936602035,0.7617216075871278,0.162770967951959,1.7810692274328683,0.4418995699124337,1.0646207116230384,0.18015274221734778,0.03343373993820559,16.35598601203661,3.481843299445981
7200,1.1936242477916021,0.20329226192803893,1.1821649852554568,0.8373807498199154,0.1699040550879722,1.8021488065064715,0.4427521742888321,1.0622500137215196,0.26140382615651425,0.038681716936343584,16.736323531645656,3.084106519109996
7300,1.2061742694433402,0.20540498875616092,1.1964469918263279,0.8328943529979497,0.17286711103832234,1.8333740165594088,0.4463212893611491,1.0553334061656856,0.250972596367052,0.042820022972223225,16.696166484437157,3.10849246635466
7400,1.2093576962231134,0.20750152340816694,1.195334279665446,0.7315001469298101,0.17414996986492717,1.8883318632559822,0.46159152007291215,1.0303634992162536,0.11515815660608268,0.04679979074309819,16.11840208010026,3.6337865092011903
7500,1.214349807638024,0.2110272958876896,1.193152116555267,0.6570286089221106,0.1752738063003082,1.9511570032145256,0.4797319760360053,0.999789972779319,0.0272782249960437,0.0487084985641178,15.74455452435286,3.973682654572476
7600,1.2555716860486605,0.23307152918745142,1.1226842324875983,0.6430797745033474,0.17686299276455722,2.0315155223426897,0.5004661223654869,0.9609548661223909,0.11541725826783492,0.04735671047158866,16.032834383600708,3.928167166337909
7700,1.3125161784441175,0.2631742334941003,1.016039042483324,0.6352206557999275,0.17822712113252454,2.105570551503153,0.5193529572376123,0.9242704542278414,0.2516321278696941,0.04487721253246726,16.478357802438286,3.8578250481572143
7800,1.3126353545424367,0.2618062440574806,1.0134737689891908,0.6490530712305723,0.17745120309704554,2.1110696511331852,0.5184700711573749,0.9286502963696485,0.256476974940042,0.04325433459523076,16.481256693208042,3.881635146403621
7900,1.2574337141289513,0.22517912383087965,1.109281736378815,0.7269986055738339,0.17220919045754485,2.074079152378179,0.4971432029693426,0.9843817512050395,0.14560438232154121,0.041951904596660934,16.02201951154538,4.108451223886212
8000,1.221715005626108,0.2013803353777828,1.1828256421931278,0.777433951325356,0.1688172999261032,2.050144123771999,0.4833434647300276,1.0204432808044102,0.0738632929801584,0.0413617487009593,15.61199963257943,4.380008295902887
8100,1.2219339346419138,0.20120556984945745,1.2029906203229224,0.7750887966275277,0.16885471776617228,2.0547222755710184,0.48387662929989966,1.0203133348518472,0.07512451277361594,0.04155028473750206,15.406676606666318,4.625940816327346
8200,1.2225867893838298,0.20104625776562576,1.2209236993054744,0.7683372098644989,0.16896181020499063,2.0680095923796915,0.4854236136817299,1.0199250102551405,0.07873421080316682,0.042091669616625305,15.208095547034693,4.899677363842936
8300,1.2236676713936034,0.20090169722255774,1.236812125668838,0.7576050070319525,0.169130835620475,2.0893353663154395,0.4879056538838397,1.019280576905763,0.08443144504257848,0.04294956849257153,15.016665999063989,5.196917734761341
8400,1.2251706822129822,0.20077118631652352,1.2508431459410663,0.743318004125572,0.1693540523905422,2.118028889495686,0.49124398591455004,1.0183823046951876,0.0919552734656183,0.0440876465195832,14.832797508133636,5.513361725394241
8500,1.2270899233837136,0.20065402314379313,1.263204006650214,0.725902017141041,0.1696237188931089,2.1534194540378517,0.49535984578218223,1.0172324635148877,0.10104475404605369,0.04546956885190278,14.656899619623065,5.844709132053318
8600,1.2294194964475453,0.20054950580063657,1.274081954324334,0.7057828620740425,0.1699320935060919,2.1948363520593586,0.5001744694950576,1.0158333232563364,0.11143894475765204,0.047059000643772754,14.489381878911706,6.1866597510502555
8700,1.2321535029462245,0.20045693238332393,1.2836642354914807,0.6833863549202599,0.17027143460740787,2.2416088756776293,0.505609093061497,1.0141871538110065,0.12287690357418077,0.0488196070494356,14.330653831378994,6.534913378696733
8800,1.2352860444214986,0.20037560098812526,1.292138096679707,0.6591383116753768,0.17063400057497366,2.293066317010086,0.511584952489822,1.0122962250703715,0.1350976884694073,0.05071505322313379,14.181125022404355,6.885169811304434
8900,1.2388112224151158,0.20030480971131062,1.2996907844170673,0.6334645483350765,0.17101204978670592,2.34853796817415,0.5180232837883536,1.0101628069259043,0.147840357417099,0.0527090043191098,14.041204997367226,7.23312884518504
9000,1.2427231384688229,0.20024385664915,1.3065095452316156,0.6067908808950422,0.17139784062052144,2.407353121287244,0.5248453229654131,1.0077891692690777,0.1608439683910233,0.054765125491606094,13.911303301647031,7.574490276650231
9100,1.2470158941243676,0.20019203989791354,1.3127816256514047,0.5795431253509573,0.17178363145433698,2.468841068466789,0.5319723060293216,1.005177581991365,0.1738475793649476,0.05684708189486516,13.791829480623207,7.90495390201169
9200,1.2516835909234976,0.20014865755387118,1.318694272204489,0.5521470976985051,0.17216168066606924,2.5323311018302075,0.5393254689884004,1.0023303149842395,0.18659024831263932,0.058918538683129455,13.683193079675183,8.2202195175811
9300,1.2567203304079602,0.20011300771329305,1.3244347314189222,0.5250286139333692,0.17252424663363503,2.597152513494922,0.5468260478509707,0.9992496381391742,0.19881103320786586,0.060943161010641476,13.58580364418239,8.51598691967014
9400,1.262120214119503,0.2000843884724492,1.3301902498227582,0.4986134900512327,0.172863587734951,2.6626345955783544,0.5543952786253535,0.995937821347642,0.21024899202439457,0.06288461403164369,13.500070719524258,8.787955904590493
9500,1.2678773435998734,0.20006209792760962,1.33614807394405,0.47332754204777905,0.173171962347934,2.7281066401979257,0.5619543973198703,0.992397134501116,0.22064318273599295,0.06470656290037856,13.426403851080222,9.031826268653845
9600,1.273985820390819,0.2000454341750444,1.3424954503108524,0.44959658591869167,0.1734416288505007,2.792897939471059,0.569424639942842,0.9886298474910694,0.22973266331642836,0.06637267277108858,13.36521258422971,9.24329780817187
9700,1.2804397460340873,0.20003369531102358,1.349419625451218,0.4278464376596538,0.1736648456205679,2.856337785515176,0.5767272425025901,0.9846382302089753,0.23725649173946814,0.06784660879801618,13.316906464352153,9.418070319456252
9800,1.2872332220714255,0.20002617943181725,1.3571078458932018,0.4085029132663489,0.1738338710360523,2.9177554704476987,0.5837834410074357,0.9804245525463069,0.24295372597887976,0.0690920361354039,13.281895036826983,9.55184359881868
9900,1.2943603500445817,0.2000221846336954,1.365747358164856,0.39199182873446026,0.17394096347487065,2.9764802863860496,0.5905144714656999,0.975991084394537,0.24656342400843068,0.07007261993749417,13.260587847033632,9.640317442570824
10000,1.301815231495303,0.2000210090129281,1.375525408794236,0.3787390000596712,0.1739783813149397,3.031841525447649,0.5968415698857039,0.9713400956451388,0.2478246438018882,0.0707520253585295,13.253394440351531,9.679191647024377
10100,1.3111239277207503,0.20057337881196996,1.3851741910301179,0.3667359831057518,0.17338924187776553,3.0956047190900056,0.604082505599466,0.9637426603787429,0.24575302152866896,0.07127031294535671,13.292025513543853,9.69130259342402
10200,1.3244211234645151,0.20216113940211322,1.394179947761904,0.3547177986097143,0.17173123168629917,3.170349983238256,0.612529436804957,0.9517165467134374,0.24009124561836281,0.0717589951318831,13.403427950975212,9.701901735514971
10300,1.3426138554379927,0.20468026757288427,1.4038609999785854,0.3442254598771056,0.16916846292062485,3.241628486711267,0.620565182809427,0.9371340655968816,0.231668952434997,0.07216891490294186,13.580865579427202,9.71031147835972
10400,1.3666091603525772,0.2080267401138096,1.4155356686691531,0.3367999802134726,0.16586504776082686,3.2949913983279044,0.6265725629201254,0.9218675279767354,0.22131577834259883,0.07245091524336615,13.817602225681409,9.71585422702075
10500,1.3973140749196638,0.2120965338144156,1.4305222748225987,0.3339823729243624,0.1619850983869895,3.3159898869070354,0.6289343964443027,0.907789244800658,0.2098613597051956,0.0725558391379891,14.106901716519427,9.71785238656054
10600,1.4935097189943243,0.22494092741895128,1.4636304643737172,0.3588947703470298,0.15204775485522526,3.219494326990798,0.6170263784815302,0.8917350018695455,0.18734670035919893,0.07245119356912569,15.051385054341685,8.144707513453339
10700,1.613436532776347,0.2411140470925075,1.5005108900460056,0.40941829820202535,0.14013043433082842,3.0703648253020672,0.5953183771412108,0.8776795792673145,0.16236060484157824,0.07214651395687031,16.248978685255583,5.713483618651301
10800,1.608818181843407,0.24047664407369074,1.4717752568822848,0.45740015610835427,0.13934170497633364,3.0493606933538837,0.5814814154719854,0.8952670462353657,0.17105397601032749,0.06953201368474644,15.973358209577091,5.703902827383506
10900,1.4694916644840723,0.22157820120774852,1.2869505675371644,0.5128944453303586,0.14656380100356625,3.0995594693057096,0.5706585295127751,0.9995378272744271,0.23988914442452763,0.0578845488092669,13.377442393552839,8.103493824215176
11000,1.3793392120750911,0.2093497970003741,1.167358121490322,0.5410232177552081,0.1512369219623638,3.174788420694455,0.5657938215024849,1.067007156182055,0.2844295475160689,0.0504404539524349,11.697732159654793,9.728407228043404
11100,1.444333042945319,0.22323769775602303,1.2283336042859712,0.44097454551878357,0.1501646437865159,3.3383314778905135,0.5895160075565191,0.9929614877543292,0.22414855900106448,0.061253444673621586,12.351197761900902,9.837464325544497
11200,1.5613172239512243,0.247255604849904,1.3380896348103501,0.2863538702443092,0.14757834237785425,3.525015690090006,0.6261775678218449,0.8779622189144444,0.13098703129605765,0.07796443033363738,13.361099147190343,9.894368303506964
11300,1.6267204125055277,0.25827069074885095,1.4042079246351975,0.25944156967609666,0.14374509356030585,3.5498045423316253,0.6312733842028873,0.8544488005407427,0.13139716399504786,0.07362682288658107,13.423878100797385,9.899019383374805
11400,1.6611717443085263,0.2625135074701004,1.4531516349292242,0.27925541462346254,0.13659178857721083,3.494566190932946,0.6190574946690384,0.8532680512747541,0.22670400120246517,0.034226813657347636,12.583591327365253,9.878001380585367
11500,1.7069642263648497,0.2692660306604313,1.4747779693405274,0.3153911158754055,0.1290776141305005,3.4230377426674807,0.6025177848237543,0.852869660218373,0.2883731311602058,0.0087326900384319,11.41933368316958,9.837336092685566
11600,1.844630400353737,0.3206038919389743,1.3857394459123367,0.5650159209309006,0.12135263059161287,3.3414959780831834,0.5811516282528508,0.8742902752826615,0.22674136627227445,0.012932939986157889,9.94902591374104,9.058667869066161
11700,2.0045291773005993,0.391196534325037,1.2481344551596782,0.914767471756483,0.114802673966595,3.250411858830176,0.5560722951659515,0.9164822278188604,0.13149227508183509,0.019424235359916234,8.0565351768644,7.89709987471006
11800,2.021166123662397,0.3927817069294288,1.3275451942501368,0.9770371547007193,0.11485787473191178,3.1733460956539528,0.5354531708739031,0.9527578287153499,0.1339014012675022,0.01977576339291322,5.817581425070674,7.726596189959708
11900,1.9570421191607905,0.33192893258004597,1.8805294356298106,0.958969148843913,0.12080447219027045,3.097783986986173,0.5156337202222189,0.9907425146588446,0.24175207558296968,0.015123230037908317,2.823879424959456,7.989373995901734
12000,1.9155501162479864,0.2925536080010336,2.2383427682872465,0.9472780862306855,0.124652270545679,3.062071861905697,0.5063063277268955,1.0094407807513832,0.3115378060223898,0.0121127672787875,1.261565864236367,8.159406693864222
12100,1.9211442793057005,0.30709729969071725,2.09760193827243,0.9590943064612217,0.1173982919177019,3.134581146536165,0.5166190321946122,0.9859239592621512,0.2753864102128461,0.017179060832296277,2.0360051836718687,7.918775799902969
12200,1.9297898040312582,0.32957391412022824,1.8408763747046546,0.977355737726596,0.10618759767446455,3.280986120557036,0.5369374751955872,0.9431864032148762,0.20370520221598215,0.02500878723317347,3.4223530408701737,7.54689169105376
12300,1.9146755179530093,0.32747290517549493,1.6821737402599781,0.9443112273688098,0.10422946261884018,3.407781084887935,0.5533753377633236,0.91631254407607,0.14063750786876886,0.025607947575532992,4.17601083049474,7.7158768327604035
12400,1.8269706506643029,0.2931280056298262,1.572321346205251,0.7357110450615421,0.10540222222932694,3.5281634917593934,0.5680337484678282,0.8955685219083479,0.07306875456070605,0.020912290657767126,4.551918212226773,8.981753545060563
12500,1.7702204424186694,0.2674716423921951,1.490236913779651,0.5323727262882303,0.1069608153342053,3.652919986171862,0.5817758139105466,0.8862828105764736,0.039578358843916,0.0178739244168598,5.082240721612602,9.8402100687403
12600,1.7902796086697268,0.26351617827583645,1.4323029920936028,0.401112908884671,0.10926645595251158,3.8169512461537667,0.5970966075890835,0.8877648074613557,0.050071336965067464,0.03374471997759117,7.057560199798518,9.894760118874933
12700,1.8212801383304524,0.2608929510913774,1.3865474197012482,0.3039067741488387,0.11159374353829601,3.963685847495114,0.6098142440162586,0.8919431001369957,0.07575480107951824,0.0582723131169033,9.477157624332701,9.924191925975471
12800,1.8019435975531561,0.2503880604669117,1.3418316419951637,0.3444820160621209,0.11173085077228333,3.9867810834290434,0.6088095553927828,0.9109281977777118,0.1214243540095502,0.05998190947537867,9.719950540394185,9.944081261723328
12900,1.6697980853650354,0.219081980634201,1.2944239251730028,0.636437334712417,0.1103253574532555,3.9785280125990137,0.5926510651400119,0.9832924441809027,0.2204770859836348,0.044396820365014675,8.675169130197611,9.958460000867456
13000,1.5842921657138984,0.200000216571172,1.2718001515398358,0.8253495997214323,0.1094159205997669,3.97318779029723,0.5821955714470424,1.0288947640659645,0.2784442962492552,0.0343123509406615,7.999134100070417,9.969848629464565
13100,1.6757314787755317,0.21144490180955944,1.315391843343483,0.6188737083488307,0.10945628247744726,4.151411604613797,0.6028210124549956,1.0003498987770436,0.24579747883949307,0.04086997338334901,10.086748948199771,9.981726170542903
13200,1.8429281889656364,0.23335472309365285,1.3827608215854832,0.29694111412698276,0.10951865992477146,4.490223099161412,0.6409487816952143,0.9421696876707032,0.18954440284707436,0.05108560187220808,13.354956661530148,9.990904493242477
13300,1.9452585773836952,0.2493806951399725,1.395356875139542,0.22836833485717284,0.10899024667814035,4.7315775534037465,0.6655259676400319,0.8894393812321899,0.16320164273841514,0.05323818708251767,14.086267917778038,9.990597045388173
13400,2.011031879600906,0.26206712148577144,1.3933758130830716,0.22465540006852122,0.10602682454435974,4.916447840473942,0.6826595879297541,0.8354324091496034,0.15009754407563328,0.05333883663498318,14.150629102060497,9.979490594458097
13500,2.075043668361927,0.2741204069717551,1.390143089019413,0.219699105856188,0.1035737076928364,5.094201063915259,0.6978675831330228,0.7862790982454104,0.1395639115943631,0.0534872325743415,14.213599778245593,9.965114958684394
13600,2.149844644927744,0.2853662353216968,1.3833522428201495,0.1974750570583142,0.10293209704119523,5.318575756231889,0.7152572313912877,0.7381674771506144,0.12767002387131499,0.054520560362267836,14.3449822624419,9.951661919983163
13700,2.2246528595881827,0.29669519846926357,1.371866292045791,0.1699090818289276,0.10244790621295669,5.512122713687372,0.7295104096289864,0.6998358086151039,0.11826261619402628,0.05590771078508737,14.473176929247586,9.93435807475748
13800,2.2853340039736456,0.3117543992093999,1.3549918519283357,0.22220695837969456,0.10099800996810555,5.542330827345972,0.7297551570738849,0.6945547945735363,0.12650959306482187,0.054313372374758424,14.004031000539735,9.908162661070211
13900,2.3300381471062326,0.332524746423897,1.326015153466357,0.5315588937566669,0.09667631738272674,5.527805565987843,0.7163942282082475,0.7009507709117544,0.18011472626688435,0.04462134019973928,11.43423396428608,9.863306684825446
14000,2.395187296817123,0.3481448718330706,1.309857625025752,0.768273507077862,0.0903831947238676,5.501386054427769,0.6980655459936669,0.7115449701798243,0.2247489475776362,0.0383500252629622,9.77142411729842,9.77974001880742
14100,2.6318612411838096,0.3566095069753068,1.740763988546099,0.8271302459692849,0.07652488377843429,5.3240297755433685,0.6684385851600612,0.7465308341149177,0.2416416145689814,0.04101902217583294,10.030228484433074,8.484304431361565
14200,2.9234070365810485,0.3622083636677553,2.5263837682716535,0.8616109208638812,0.06083190575353489,5.076238601047645,0.6374601842071858,0.791552525340221,0.2523734365501427,0.04599675373153925,10.430198870004814,6.57418334813596
14300,2.963389601905658,0.358595191743096,3.027394393367194,0.8232318603612635,0.059010246349603536,5.042530678724364,0.6315883159139237,0.8022408280947456,0.25258963307492993,0.049486882635893285,10.250615273663191,6.335275188356618
14400,2.880256869565516,0.332276294802688,3.4194583518970356,0.5973495014928112,0.06422685754225627,5.120845390132834,0.6312617908659018,0.8037989557896628,0.24553404922600128,0.052480985409575236,8.874891061862042,6.980506001632954
14500,2.7755988769335875,0.3032896578794485,3.595710948761333,0.4511903281073421,0.0676023118433845,5.215281971340152,0.631151772095781,0.8050959845869684,0.2409686714414004,0.0538664578164302,7.842472789333295,7.398008292576467
14600,2.653584083136011,0.2786525437920031,3.5688298572314086,0.5076199491063251,0.06748773924315896,5.314372053107441,0.6320055256003201,0.8064295122343327,0.2638317687088868,0.05136858431470569,7.603863161863605,7.365316300984086
14700,2.498552529675762,0.25185385094628016,3.504728792813897,0.6421828914885155,0.06713622525926177,5.433720232751615,0.6340413993419131,0.8074449282782777,0.3183514621928928,0.0454121167336703,7.414980612911727,7.2683578857588556
14800,2.345047647907683,0.22728050085287907,3.428221070767189,0.802790274331775,0.0665360756168622,5.549039081905022,0.6364713131625241,0.8085996941091819,0.38342335441573855,0.038302784459531294,7.277719326410364,7.108809386228646
14900,2.2276128691866184,0.20931941502239895,3.3641200063496774,0.9373532167139653,0.06567559604112946,5.636041172200011,0.6385071869041171,0.8103512711174241,0.43794304789974464,0.032346316878495915,7.1939734862922275,6.888347141721329
15000,2.180791624867409,0.2023575149654391,3.337238914819753,0.9937828377129484,0.0645430922572328,5.67043907526893,0.6393609404086562,0.813157120693383,0.4608061451672309,0.0298484433767714,7.165637276490025,6.608647491564772
15100,2.824492985870395,0.22288507269902857,5.455671773323047,0.9452104478165935,0.057730439182932844,5.47155692225571,0.6144898047280757,0.8579305314141688,0.3661687322063403,0.03150069420196652,9.56576368073973,5.458835517245637
15200,3.837312229645036,0.2585875320007702,8.72961346373723,0.8663268624613103,0.04600999730886055,5.164193594871643,0.5760525950399057,0.9242106796637943,0.21991091217587294,0.03517040912819943,14.046410183630396,3.7999552030760313
15300,4.075524194187681,0.2758442952895881,9.052537349006483,0.8418659163672761,0.036996926671804514,5.166858584030434,0.5723551071131413,0.9305261806772781,0.19196617857190118,0.03952779675575728,17.068690542952083,3.1137513453063566
15400,4.099172035586703,0.28401409041269604,7.361773526259492,0.8368559732011532,0.028598013219161663,5.488161854706646,0.5914516107228516,0.8939519214384402,0.19205154590467016,0.04572642678607997,19.323908472437925,2.8040051446169176
15500,4.132411722795898,0.2928714652437184,5.853595966068704,0.8283838088526801,0.0246231849241524,5.696063971026547,0.6038081718820758,0.8553884288244644,0.1921067835905795,0.0511064343783652,21.174554884350453,2.591903118723298
15600,4.309090130866861,0.31012571519770704,5.282985121704733,0.6838105162105632,0.025107918349025576,5.6729087118799795,0.6005910397536698,0.824495703243469,0.1676890047715902,0.05370348969661236,22.899907702598583,2.445541635727377
15700,4.536407945918585,0.32729444725193213,4.837347835663081,0.4342416156897267,0.026503322361265565,5.63712331138074,0.5956191082824968,0.7997762657828733,0.12995243750587943,0.05617649542761382,24.237209438087824,2.323954105612783
15800,4.546483613940912,0.3253423674505931,4.049335569447299,0.27559336142847474,0.03549839957181322,5.651263216133438,0.5956668894192114,0.8027384545895019,0.1950326639683978,0.10620715232801309,24.569883957478478,2.1142861941350968
15900,4.379440083702856,0.2995349901639319,2.7103924072621073,0.15199037041600777,0.0733616373729694,5.7854678569807,0.6017883999827998,0.839140774795651,0.5731888773457431,0.34557200932942095,24.64652905786038,1.75893847738949
16000,4.271353093548821,0.2828360989784453,1.9190447691550216,0.0966247974420578,0.0974432044259648,5.9678949361019775,0.6092656447371533,0.8626952172819828,0.8178781918840254,0.4993606272993696,24.71895894777921,1.5636730029579764
16100,4.299238181446639,0.28534742060699725,1.821687701172305,0.09700870699255257,0.09713567927872005,6.156203524252787,0.6157906812103071,0.8604213075931436,0.8131370383012999,0.49596369255764056,24.826718700433844,1.5641965497355113
16200,4.381478659802811,0.2925771611133232,1.7388274962425048,0.09811792581056468,0.09625552109867476,6.367450752575351,0.622381309323875,0.853913221242328,0.79956752977143,0.48624143105545053,24.95140387913869,1.5657879490703501
16300,4.51595235061141,0.304068983928428,1.6690271760190676,0.09988868914588589,0.09486635577836232,6.601013152442865,0.6290531586270188,0.8436414223030889,0.7781505946218763,0.47089665687729526,25.090586726625904,1.5684783394658446
16400,4.700537075866509,0.3193665524833167,1.6108497621554427,0.10225723224830797,0.0930318092103161,6.856267255228517,0.6358218586688998,0.8300763748489792,0.7498671611800993,0.4506321841076704,25.24183948562765,1.5722988594253455
16500,4.933110657562183,0.3380135302089942,1.5628582763050771,0.10515979036762264,0.09081550728706952,7.1325895923055045,0.6427030389986792,0.813688542953552,0.7156981577735595,0.42615082683107147,25.40273439887609,1.5772806474522045
16600,5.211550917692503,0.35955358053646547,1.5236157401214194,0.10853259875362169,0.08828107590115598,7.429356695047016,0.6497123291655186,0.7949483906903599,0.6766245127297175,0.3981553991319943,25.570843709103382,1.5834548420497732
16700,5.533735678251545,0.38353036689673553,1.491685175257917,0.11231189265609684,0.08549214094510885,7.7459450948262445,0.6568653587185794,0.7743263821329562,0.6336271543760335,0.3673487150949345,25.74373965904168,1.590852581721403
16800,5.897542761233383,0.40948755272080917,1.465629603368018,0.11643390732483984,0.08251232831146155,8.081731323016381,0.6641777572070229,0.7522929813548938,0.587687011039968,0.3344335888043877,25.918994491423156,1.5995050049704447
16900,6.300849988632088,0.4369688014396916,1.4440120461051709,0.12083487800964245,0.07940526389274744,8.436091910990617,0.6716651541800107,0.7293186524297254,0.5397850110489815,0.30011283434484953,26.094180448979962,1.60944325030025
17000,6.741535182441737,0.46551777648438764,1.425395525122823,0.1254510399602964,0.07623457358149993,8.80840339012215,0.6793431791867041,0.705873859431004,0.49090208273053465,0.2650892658008157,26.266869774444263,1.6206984562141704
17100,7.2174761646564,0.49467814128590226,1.4083430620744226,0.1302186284265935,0.07306388327025246,9.198042291784166,0.6872274617762646,0.6824290664322827,0.4420191544120877,0.23006569725678197,26.434634710548217,1.6333017612155571
17200,7.726550757270155,0.5239935592752404,1.3914176786134171,0.13507387865832546,0.06995681885153836,9.60438514734986,0.6953336314978537,0.6594547375071144,0.39411715442110135,0.19574494279724383,26.595047500023988,1.6472843038077616
17300,8.266636782277072,0.553007693883407,1.373182396393255,0.139953025905284,0.06697700621789104,10.02680848819242,0.7036773179006326,0.6374213367290518,0.34817701108503585,0.16282981650669703,26.745680385603734,1.6626772224941353
17400,8.835612061671226,0.5812642085414073,1.3522002370673842,0.14479230541726093,0.06418807126184392,10.464688845685044,0.7122741505337626,0.6167993281716481,0.3051796527313519,0.13202313246963715,26.884105610019613,1.6795116557780292
17500,9.431354417446688,0.6083067666802457,1.3270342222892524,0.14952795244404796,0.061653639875930366,10.917402751200921,0.7211397589464056,0.5980591759084561,0.2661060076875098,0.10402770477056,27.007895416003787,1.697818742162795
17600,10.051741671597537,0.6336790317309278,1.2962473737123075,0.15409620223543685,0.05943733795268378,11.384326736113245,0.7302897726877228,0.5816713440130288,0.23193700428096997,0.07954634749396111,27.114622046288424,1.7176296201517844
17700,10.694651646117844,0.656924667124458,1.2584027129899973,0.15843329004121937,0.05760279138463758,11.864837331795204,0.7397398213068753,0.5681062965589192,0.2036535708391931,0.059281874724336214,27.201857743605675,1.7389754282483483
17800,11.357962163001682,0.6775873362918419,1.21206326177577,0.16247545111118725,0.05621362606432513,12.358311069619996,0.7495055343530252,0.5578344976196801,0.18223663568963944,0.04393710054618083,27.2671747506877,1.7618873049558381
17900,12.039551044243126,0.6952107026640838,1.1557920417230747,0.16615892069513225,0.05533346788427984,12.864124480960806,0.7596025413753332,0.5513264112688644,0.1686671271597695,0.03421483904399092,27.308145310266667,1.7863963887776053
18000,12.737296111836246,0.7093384296721891,1.088152074485357,0.1694199340428461,0.0550259427370351,13.381654097190832,0.7700464719229613,0.5490525015800253,0.1639259735770437,0.0308179043022619,27.32234166507473,1.812533818217001
18100,13.84784931451506,0.7221147396908212,0.9613529921626954,0.17277447158807485,0.06052911778468595,13.9801805736463,0.7829262067379175,0.5537898880834231,0.19632443230740784,0.031239404548791587,27.268385065436306,1.8725534928439154
18200,15.476385687034846,0.7348980521534216,0.7657169244635289,0.17639403266655806,0.07367998675841306,14.693594056109077,0.7986423699324808,0.5650867328222948,0.2735822954336608,0.032244520521285465,27.135326645292874,1.9845163060462825
18300,17.18356768042158,0.7460533260791621,0.556975639453849,0.1796981308810778,0.08944056540437828,15.468185311620834,0.8146782061112194,0.5785700636396579,0.3657932933585434,0.03344417506910074,26.96638347280219,2.127163887054522
18400,18.530057745701235,0.7539455204872139,0.39086090519964733,0.1821062798344161,0.10277286946874341,16.250245107223233,0.828516959878701,0.5898669083785295,0.4430511564847964,0.03444929104159461,26.804772616122015,2.279237865099053
18500,19.076518333899795,0.7569395943967485,0.3231044897669151,0.1830379931293551,0.1086389146976703,16.986064209957934,0.8376418758394933,0.5946042948819273,0.4754496152151606,0.0348707912881243,26.693711143410116,2.4194798694102944
18600,19.058404201635256,0.7563130553465877,0.3237714591975135,0.17356296197464025,0.10897577831604838,17.779409751107476,0.8434110370998713,0.5683753301875998,0.4690885134149668,0.03380599600283902,26.62211124760083,2.5704286216574515
18700,19.015208963158273,0.7548190006885117,0.3257265104038404,0.15096865691339717,0.10915153916852621,18.6664522908807,0.8485939079872876,0.5058293374549726,0.45391973219912,0.031266868784081796,26.554601074303832,2.746374876672286
18800,18.96365335594381,0.7530357741611309,0.3289008577576935,0.12400126054997801,0.10927471543090435,19.49208773970874,0.8527908049380759,0.43117766870957885,0.4358150578447223,0.0282362975875006,26.497971620689835,2.913688313429047
18900,18.920458117466822,0.7515417195030549,0.3332257156308702,0.10140695548873493,0.10945382527898337,20.101212008022735,0.8556020443885707,0.3686316759769517,0.42064627662887555,0.025697170368743385,26.459013883929575,3.038738610901987
19000,18.902343985202283,0.7509151804528941,0.3386322983951683,0.0919319243340201,0.1097973868885638,20.338721006253813,0.8566279427751058,0.3424027112826242,0.4142851748286817,0.0246323750834581,26.44451886119377,3.0878954480653555
19100,19.577760820681547,0.7577866521921219,0.3587721472937429,0.1307331193663055,0.14905084032501195,19.40162955619476,0.8285588780833758,0.35098462864678087,0.43652568492617133,0.06690959408798024,26.61514279748308,3.051297082333676
19200,21.188370197593652,0.7741724694164345,0.40478158537557735,0.22325904598175522,0.24198716374629264,17.1670268675924,0.7616249545877118,0.37179175021713173,0.49207357596986206,0.16772450094491761,27.0220152609422,2.9640240563581326
19300,23.110710421650026,0.7937297351357754,0.47281899972121133,0.3336932164582598,0.3527561824671046,14.499920432808942,0.6817360781574033,0.3974161302104982,0.5641683890865865,0.2880519704193268,27.507637233457924,2.859859476967968
19400,24.72131979856213,0.8101155523600879,0.5590427774111846,0.42621914307370945,0.4455077218021461,12.265317744206584,0.6148021546617395,0.4204498228437015,0.6360496654031773,0.38886687727626407,27.91450969691704,2.7725864509924243
19500,25.3967366340414,0.8169870240993158,0.6596113055260369,0.4650203381059948,0.4843916070661159,11.328226294147532,0.5867330899700095,0.4334848823335631,0.6909569460464673,0.4311440962807863,28.08513363320635,2.735988085260745
19600,25.303014924064147,0.7879539640323943,0.8201364340544506,0.46418464659203734,0.46345331675247775,11.968494040104552,0.593120124464349,0.438755666879782,0.7305764063963266,0.4138040245476331,27.90903026912776,2.762906765483639
19700,24.974405795282006,0.70839483706622,1.0757591311251251,0.45833480599433496,0.4023397376705736,13.809340718697678,0.6135408735524717,0.44327455003199134,0.7672860966871549,0.3620922673153906,27.412285540662875,2.8399935530921177
19800,24.33974324941942,0.5896197230526773,1.406931461028625,0.44245666722914284,0.30360280760891906,16.730831491010015,0.6498848056420335,0.4468006090319132,0.8003633703275793,0.2764715115348846,26.642247493468016,2.9617445684958774
19900,23.32786128820083,0.4429387018436513,1.7941054880555145,0.411536081212716,0.16979446435602935,20.61303151812465,0.7040413891406907,0.4490929211212701,0.829085580726227,0.15740444415694083,25.6462641731995,3.1226559321046143
20000,21.86759391335067,0.2796618532910268,2.217733276496359,0.3605588988613097,0.0034666457004200596,25.33600596112469,0.7779000924560997,0.4499105635417841,0.8527300812917249,0.00535375213238503,24.471683625513663,3.317223764328024
